image_id,hoi_id,verb,object
2017,391,open,microwave
32624,44,tie,boat
12147,454,carry,skateboard
36675,122,run,dog
8295,68,drive,car
14716,460,ride,skateboard
14916,455,flip,skateboard
19486,90,sit_on,chair
24180,42,sit_on,boat
4447,517,carry,surfboard
30091,11,carry,bicycle
30056,145,wash,horse
18583,465,carry,skis
11436,55,board,bus
25541,428,smell,pizza
8984,458,jump,skateboard
4726,590,hold,wine_glass
20802,18,repair,bicycle
9899,312,smell,donut
17514,467,inspect,skis
2984,582,set,umbrella
18748,582,set,umbrella
13789,244,inspect,bench
25054,385,open,laptop
7042,45,wash,boat
17494,539,adjust,tie
29493,592,toast,wine_glass
32250,154,ride,motorcycle
13601,66,board,car
34380,341,throw,frisbee
27267,570,inspect,truck
4536,359,cut,hot_dog
23146,501,throw,sports_ball
1745,135,kiss,horse
34826,3,exit,airplane
20747,340,spin,frisbee
35182,468,jump,skis
36099,43,stand_on,boat
20988,153,race,motorcycle
21571,39,ride,boat
34080,457,hold,skateboard
17027,60,load,bus
28472,579,lose,umbrella
30517,141,run,horse
28533,19,ride,bicycle
36276,47,carry,bottle
35970,1,board,airplane
30739,11,carry,bicycle
10725,475,adjust,snowboard
34836,15,hop_on,bicycle
25481,44,tie,boat
8865,139,race,horse
26225,97,feed,cow
35543,469,pick_up,skis
9029,145,wash,horse
17391,35,inspect,boat
36693,115,groom,dog
2180,14,jump,bicycle
15806,151,park,motorcycle
8469,48,drink_with,bottle
33428,589,fill,wine_glass
6391,217,cut,banana
4373,319,hop_on,elephant
17226,578,hold,umbrella
6860,49,hold,bottle
8575,21,straddle,bicycle
5909,518,drag,surfboard
35545,23,wash,bicycle
26538,176,feed,sheep
4662,459,pick_up,skateboard
7717,380,wash,knife
25029,369,assemble,kite
14560,241,lie_on,bed
32181,259,eat,broccoli
37409,314,feed,elephant
2853,288,talk_on,cell_phone
13429,223,smell,banana
36190,42,sit_on,boat
35773,522,lie_on,surfboard
37990,542,inspect,tie
36598,121,pet,dog
15992,52,open,bottle
1371,572,repair,truck
2394,134,jump,horse
23759,318,kiss,elephant
9566,58,exit,bus
31143,138,pet,horse
31640,473,wear,skis
27559,302,smell,cup
12396,241,lie_on,bed
8684,456,grind,skateboard
4670,561,wash,toothbrush
1494,419,buy,pizza
4136,320,pet,elephant
34701,496,kick,sports_ball
3240,374,launch,kite
27089,56,direct,bus
4793,45,wash,boat
37894,500,spin,sports_ball
24524,13,inspect,bicycle
37020,191,ride,train
1838,497,pick_up,sports_ball
35490,14,jump,bicycle
22870,319,hop_on,elephant
8358,339,hold,frisbee
12574,36,jump,boat
23673,286,read,cell_phone
35509,162,greet,person
27322,338,catch,frisbee
7015,98,herd,cow
26686,104,pet,cow
35444,489,block,sports_ball
11314,349,hold,hair_drier
7434,16,park,bicycle
24210,541,hold,tie
17275,244,inspect,bench
37022,189,exit,train
8075,175,carry,sheep
36377,83,scratch,cat
7396,22,walk,bicycle
17842,157,turn,motorcycle
32127,136,load,horse
30350,317,hug,elephant
25703,120,kiss,dog
34798,164,hug,person
36852,159,wash,motorcycle
31284,477,grind,snowboard
10413,150,hop_on,motorcycle
12721,91,stand_on,chair
26795,334,lick,fork
2664,18,repair,bicycle
29901,74,ride,car
1298,559,brush_with,toothbrush
20946,227,hold,baseball_bat
29737,108,clean,dining_table
17587,36,jump,boat
31046,144,walk,horse
1910,16,park,bicycle
23620,14,jump,bicycle
18558,220,inspect,banana
13984,41,sail,boat
36852,152,push,motorcycle
3754,574,sit_on,truck
9079,61,ride,bus
7492,209,carry,backpack
7565,221,peel,banana
32553,16,park,bicycle
14586,158,walk,motorcycle
18656,216,carry,banana
37848,492,dribble,sports_ball
35967,6,load,airplane
12833,75,wash,car
31566,23,wash,bicycle
16154,13,inspect,bicycle
26984,539,adjust,tie
4689,385,open,laptop
35974,4,fly,airplane
1379,157,turn,motorcycle
21295,464,adjust,skis
36099,38,repair,boat
30208,72,load,car
22118,315,hold,elephant
16428,494,hold,sports_ball
35280,18,repair,bicycle
21921,499,sign,sports_ball
11160,560,hold,toothbrush
21868,17,push,bicycle
14464,8,sit_on,airplane
35718,520,inspect,surfboard
26620,70,inspect,car
7564,20,sit_on,bicycle
32128,124,straddle,dog
28318,581,repair,umbrella
10305,87,carry,chair
30757,74,ride,car
1745,136,load,horse
25485,454,carry,skateboard
17563,139,race,horse
34436,110,sit_at,dining_table
24913,426,pick_up,pizza
10491,458,jump,skateboard
2970,147,hold,motorcycle
25077,462,stand_on,skateboard
37117,231,wield,baseball_bat
29819,521,jump,surfboard
31744,108,clean,dining_table
7118,421,cook,pizza
3062,41,sail,boat
33552,153,race,motorcycle
32037,132,hold,horse
30962,583,stand_under,umbrella
1624,454,carry,skateboard
21355,461,sit_on,skateboard
16885,228,sign,baseball_bat
28155,71,jump,car
35439,190,load,train
6937,112,carry,dog
18550,59,inspect,bus
36649,119,inspect,dog
25470,423,eat,pizza
18593,544,tie,tie
30422,53,pour,bottle
19611,187,board,train
23026,131,groom,horse
1806,130,feed,horse
33429,149,jump,motorcycle
33261,161,carry,person
16140,45,wash,boat
13765,573,ride,truck
14902,386,read,laptop
21057,192,sit_on,train
36411,88,hold,chair
1092,300,pour,cup
18089,284,carry,cell_phone
16849,211,inspect,backpack
26099,382,lick,knife
28641,461,sit_on,skateboard
1176,159,wash,motorcycle
16045,381,wield,knife
3687,167,tag,person
21049,456,grind,skateboard
37092,230,throw,baseball_bat
2065,20,sit_on,bicycle
33898,147,hold,motorcycle
1964,106,walk,cow
23521,420,carry,pizza
26538,185,wash,sheep
21703,500,spin,sports_ball
37174,248,carry,book
31609,37,launch,boat
26721,73,park,car
2505,58,exit,bus
37894,499,sign,sports_ball
5815,7,ride,airplane
37582,388,type_on,laptop
9397,373,inspect,kite
20605,365,clean,keyboard
36693,125,train,dog
20867,117,hose,dog
1745,137,hop_on,horse
23317,459,pick_up,skateboard
17875,140,ride,horse
23094,515,zip,suitcase
4912,11,carry,bicycle
4595,456,grind,skateboard
9459,67,direct,car
36223,51,lick,bottle
6921,21,straddle,bicycle
27700,304,wash,cup
10677,132,hold,horse
32217,551,clean,toilet
6682,270,light,cake
29177,570,inspect,truck
28912,148,inspect,motorcycle
27181,271,make,cake
21025,476,carry,snowboard
20867,113,dry,dog
10249,459,pick_up,skateboard
24691,114,feed,dog
17268,513,pack,suitcase
33794,249,hold,book
34666,90,sit_on,chair
6157,425,make,pizza
33065,62,sit_on,bus
1926,110,sit_at,dining_table
5449,179,hug,sheep
1524,508,drag,suitcase
27126,63,wash,bus
15027,466,hold,skis
1130,89,lie_on,chair
30137,140,ride,horse
16057,150,hop_on,motorcycle
25764,188,drive,train
15505,289,text_on,cell_phone
16664,272,pick_up,cake
25027,379,stick,knife
5061,457,hold,skateboard
23837,460,ride,skateboard
9694,246,sit_on,bench
33404,91,stand_on,chair
35031,287,repair,cell_phone
28885,158,walk,motorcycle
33723,478,hold,snowboard
7532,157,turn,motorcycle
27369,95,sit_on,couch
8063,480,ride,snowboard
11478,251,read,book
23488,510,hug,suitcase
32249,454,carry,skateboard
15947,265,blow,cake
10845,384,hold,laptop
37288,268,eat,cake
28548,460,ride,skateboard
11427,367,type_on,keyboard
36324,73,park,car
36774,138,pet,horse
24745,296,carry,cup
29181,496,kick,sports_ball
3218,580,open,umbrella
4202,577,carry,umbrella
5040,482,wear,snowboard
8553,166,stab,person
17224,301,sip,cup
32068,130,feed,horse
18653,103,milk,cow
1016,148,inspect,motorcycle
14801,213,wear,backpack
31906,165,kiss,person
33331,75,wash,car
30129,89,lie_on,chair
15284,377,cut_with,knife
9468,158,walk,motorcycle
9678,462,stand_on,skateboard
4920,461,sit_on,skateboard
18580,93,carry,couch
14372,246,sit_on,bench
34276,470,repair,skis
25536,69,hose,car
33591,427,slide,pizza
33516,321,ride,elephant
23608,99,hold,cow
31095,519,hold,surfboard
27672,23,wash,bicycle
33881,527,wash,surfboard
31421,40,row,boat
28999,245,lie_on,bench
18022,55,board,bus
3232,183,shear,sheep
10840,141,run,horse
10159,457,hold,skateboard
20271,125,train,dog
22232,12,hold,bicycle
27876,20,sit_on,bicycle
9695,17,push,bicycle
34231,133,hug,horse
22403,109,eat_at,dining_table
34036,461,sit_on,skateboard
17782,369,assemble,kite
27228,157,turn,motorcycle
35622,61,ride,bus
30915,33,drive,boat
36933,180,kiss,sheep
25138,579,lose,umbrella
18649,455,flip,skateboard
26003,137,hop_on,horse
6137,22,walk,bicycle
33428,593,lick,wine_glass
32021,481,stand_on,snowboard
14314,152,push,motorcycle
1452,245,lie_on,bench
15015,210,hold,backpack
9834,471,ride,skis
24631,5,inspect,airplane
32587,212,open,backpack
22449,514,pick_up,suitcase
34591,64,wave,bus
4207,159,wash,motorcycle
37845,494,hold,sports_ball
3332,155,sit_on,motorcycle
36746,134,jump,horse
1132,63,wash,bus
16582,266,carry,cake
11828,155,sit_on,motorcycle
26424,38,repair,boat
2336,25,chase,bird
14133,19,ride,bicycle
31531,222,pick,banana
22663,323,wash,elephant
30669,149,jump,motorcycle
31210,512,open,suitcase
27113,17,push,bicycle
25458,490,carry,sports_ball
17508,163,hold,person
22952,215,buy,banana
6058,250,open,book
8707,128,chase,dog
28883,491,catch,sports_ball
28510,105,ride,cow
36152,39,ride,boat
12219,102,lasso,cow
10050,94,lie_on,couch
18187,571,load,truck
36020,9,wash,airplane
6259,322,walk,elephant
34506,540,cut,tie
27001,40,row,boat
32631,285,hold,cell_phone
29757,13,inspect,bicycle
18494,123,scratch,dog
8542,21,straddle,bicycle
15891,455,flip,skateboard
26150,545,wear,tie
7361,462,stand_on,skateboard
19438,156,straddle,motorcycle
6494,242,sit_on,bed
16750,497,pick_up,sports_ball
37822,495,inspect,sports_ball
6808,364,carry,keyboard
8676,169,lick,person
27885,152,push,motorcycle
8792,154,ride,motorcycle
37266,269,hold,cake
4630,524,ride,surfboard
37022,193,wash,train
24983,581,repair,umbrella
28242,580,open,umbrella
761,288,talk_on,cell_phone
15296,378,hold,knife
11535,225,break,baseball_bat
28428,150,hop_on,motorcycle
36674,127,wash,dog
8963,22,walk,bicycle
30028,156,straddle,motorcycle
21573,462,stand_on,skateboard
24330,143,train,horse
11761,299,inspect,cup
34191,213,wear,backpack
36326,68,drive,car
29887,34,exit,boat
17852,458,jump,skateboard
32102,2,direct,airplane
2522,507,carry,suitcase
13895,578,hold,umbrella
31173,32,board,boat
24935,479,jump,snowboard
31140,50,inspect,bottle
19468,151,park,motorcycle
17946,19,ride,bicycle
28103,218,eat,banana
34729,493,hit,sports_ball
33740,422,cut,pizza
2505,59,inspect,bus
1931,366,hold,keyboard
18808,569,drive,truck
8516,34,exit,boat
37563,372,hold,kite
32303,219,hold,banana
3350,182,ride,sheep
15860,12,hold,bicycle
22821,310,make,donut
32809,57,drive,bus
32007,458,jump,skateboard
793,229,swing,baseball_bat
15616,131,groom,horse
35480,324,watch,elephant
5899,583,stand_under,umbrella
26225,100,hug,cow
13574,294,set,clock
7979,575,wash,truck
26478,316,hose,elephant
15352,184,walk,sheep
6181,35,inspect,boat
28135,420,carry,pizza
26466,33,drive,boat
28661,523,load,surfboard
18604,135,kiss,horse
17268,511,load,suitcase
21299,143,train,horse
28251,591,sip,wine_glass
12820,142,straddle,horse
5821,133,hug,horse
14245,37,launch,boat
12535,32,board,boat
37542,371,fly,kite
10898,168,teach,person
29007,209,carry,backpack
32849,15,hop_on,bicycle
34932,303,fill,cup
33881,526,sit_on,surfboard
36693,126,walk,dog
17244,240,clean,bed
33648,509,hold,suitcase
26288,144,walk,horse
7207,457,hold,skateboard
34403,267,cut,cake
31640,472,stand_on,skis
26806,370,carry,kite
2647,212,open,backpack
17224,298,hold,cup
26819,116,hold,dog
16611,95,sit_on,couch
31485,118,hug,dog
23748,387,repair,laptop
14822,64,wave,bus
12476,452,wash,sink
1132,56,direct,bus
13587,525,stand_on,surfboard
37447,337,block,frisbee
31563,155,sit_on,motorcycle
670,543,pull,tie
26698,89,lie_on,chair
33428,594,wash,wine_glass
11643,15,hop_on,bicycle
36712,142,straddle,horse
13851,43,stand_on,boat
12940,69,hose,car
26180,226,carry,baseball_bat
32182,375,pull,kite
4749,498,serve,sports_ball
9779,66,board,car
